model,n,comet_mean,comet_std,input_sources
idiom_only_v1,50,0.8128941679000854,0.11735680875007076,wide_csv
two_stage_frozen_v1,50,0.8038408517837524,0.12218610295497996,wide_csv
lora_r16_stage2,50,0.7897629809379577,0.1332081531475,wide_csv
lora_r8_stage2,50,0.787164648771286,0.13774775197175135,wide_csv
baseline,50,0.7828589701652526,0.13368704110292978,wide_csv
lora_r4_stage2,50,0.7809350287914276,0.14322516799009435,wide_csv
flan_t5_small_prompt_0shot,50,0.4272967690229416,0.1359497456689077,per_model_csvs
flan_t5_small_prompt_3shot,50,0.4266771900653839,0.14559500273175827,per_model_csvs
flan_t5_small_prompt_5shot,50,0.40211374074220657,0.1372241389353844,per_model_csvs
