model,n,comet_mean,comet_std,input_sources
idiom_only_v1,50,0.8073045086860656,0.12123501233052662,wide_csv
lora_r16_stage2,50,0.7897629833221436,0.13320814307867532,wide_csv
lora_r8_stage2,50,0.7871646565198899,0.1377477373102273,wide_csv
baseline,50,0.7828589630126953,0.1336870269460652,wide_csv
lora_r4_stage2,50,0.7800733524560929,0.14295255003883472,wide_csv
flan_t5_small_prompt_0shot,50,0.42729676246643067,0.13594973341944347,per_model_csvs
flan_t5_small_prompt_3shot,50,0.4266771811246872,0.1455949952409494,per_model_csvs
flan_t5_small_prompt_5shot,50,0.4021137365698814,0.13722414460153146,per_model_csvs
