model,per_model_csvs__idioms_test,per_model_csvs__wmt_test,wide_csv__idioms_test,wide_csv__wmt_test
baseline,,,0.7325509977340698,0.8331669282913208
flan_t5_small_prompt_0shot,0.38101794958114626,0.4735755753517151,,
flan_t5_small_prompt_3shot,0.3634048962593079,0.4899494659900665,,
flan_t5_small_prompt_5shot,0.3715678763389587,0.4326595968008041,,
idiom_only_v1,,,0.7627166128158569,0.8518924045562745
lora_r16_stage2,,,0.7326505565643311,0.846875410079956
lora_r4_stage2,,,0.7278750574588776,0.8322716474533081
lora_r8_stage2,,,0.7320339691638946,0.842295343875885
