input_source,model,n,comet_mean,comet_std
per_model_csvs,flan_t5_small_prompt_0shot,25,0.38101794600486755,0.11853152934204172
per_model_csvs,flan_t5_small_prompt_3shot,25,0.3634049093723297,0.106758193189661
wide_csv,idiom_only_v1,25,0.7627166271209717,0.13369448869817466
wide_csv,lora_r16_stage2,25,0.7326505601406097,0.1433044722288431
wide_csv,baseline,25,0.732550995349884,0.13519150916422512
wide_csv,lora_r8_stage2,25,0.7320339703559875,0.1471275577107931
wide_csv,lora_r4_stage2,25,0.7278750741481781,0.1512792749979072
