model,per_model_csvs__idioms_test,per_model_csvs__wmt_test,wide_csv__idioms_test,wide_csv__wmt_test
baseline,,,0.7325509929656983,0.8331669473648071
flan_t5_small_prompt_0shot,0.38101795077323913,0.47357558727264404,,
flan_t5_small_prompt_3shot,0.36340490221977234,0.48994947791099547,,
flan_t5_small_prompt_5shot,0.3715678858757019,0.43265959560871126,,
idiom_only_v1,,,0.7627165961265564,0.8630717396736145
lora_r16_stage2,,,0.7326505422592163,0.8468754196166992
lora_r4_stage2,,,0.7285793995857239,0.8332906579971313
lora_r8_stage2,,,0.7320339632034302,0.8422953343391418
two_stage_frozen_v1,,,0.7609626293182373,0.8467190742492676
