model_label,n_rows,n_examples,adequacy_mean,adequacy_std,fluency_mean,fluency_std,mean_quality,idiom_correct_rate,over_idiomatization_rate,best_output_rate
lora_r16_stage2,50,50,1.58,0.5379477252503637,1.8,0.4040610178208843,1.69,0.24,0.0,0.54
lora_r8_stage2,50,50,1.58,0.5379477252503637,1.8,0.45175395145262576,1.69,0.24,0.0,0.58
lora_r4_stage2,50,50,1.54,0.6131218209678553,1.84,0.3703280399090206,1.69,0.28,0.0,0.56
idiom_only_v1,50,50,1.54,0.5034574339058885,1.82,0.38808793449160356,1.68,0.28,0.0,0.54
baseline,50,50,1.52,0.5436085025840128,1.78,0.4184519575964803,1.65,0.28,0.0,0.44
flan_t5_small_prompt_0shot,50,50,0.44,0.501426536422407,0.68,0.5126959555693246,0.56,0.0,0.0,0.02
